,タイプ,楽曲名,難易度,☆,時間,BPM,Note,密度,実装日,テンプレート名
0,全タイプ,お願い！シンデレラ,DEBUT,5,2:06,175,46,0.37,2015/09/03,お願い!シンデレラ.jpg
1,全タイプ,お願い！シンデレラ,REGULAR,10,2:06,175,205,1.63,2015/09/03,お願い!シンデレラ.jpg
2,全タイプ,お願い！シンデレラ,PRO,15,2:06,175,341,2.71,2015/09/03,お願い!シンデレラ.jpg
3,全タイプ,お願い！シンデレラ,MASTER,20,2:06,175,477,3.79,2015/09/03,お願い!シンデレラ.jpg
4,全タイプ,とどけ！アイドル,DEBUT,5,2:11,180,74,0.56,2015/09/03,とどけ!アイドル.jpg
5,全タイプ,とどけ！アイドル,REGULAR,11,2:11,180,145,1.11,2015/09/03,とどけ!アイドル.jpg
6,全タイプ,とどけ！アイドル,PRO,15,2:11,180,310,2.37,2015/09/03,とどけ!アイドル.jpg
7,全タイプ,とどけ！アイドル,MASTER,21,2:11,180,481,3.67,2015/09/03,とどけ!アイドル.jpg
8,全タイプ,Love∞Destiny,DEBUT,8,2:06,115,123,0.98,2016/06/30,Love∞Destiny.jpg
9,全タイプ,Love∞Destiny,REGULAR,14,2:06,115,241,1.91,2016/06/30,Love∞Destiny.jpg
10,全タイプ,輝く世界の魔法,DEBUT,7,2:05,172,112,0.90,2015/09/03,輝く世界の魔法.jpg
11,全タイプ,輝く世界の魔法,REGULAR,13,2:05,172,224,1.79,2015/09/03,輝く世界の魔法.jpg
12,全タイプ,輝く世界の魔法,PRO,18,2:05,172,470,3.76,2015/09/03,輝く世界の魔法.jpg
13,全タイプ,輝く世界の魔法,MASTER,25,2:05,172,585,4.68,2015/09/03,輝く世界の魔法.jpg
14,全タイプ,We’re the friends！,DEBUT,6,2:04,178,73,0.59,2015/09/03,We’re the friends!.jpg
15,全タイプ,We’re the friends！,REGULAR,12,2:04,178,170,1.37,2015/09/03,We’re the friends!.jpg
16,全タイプ,We’re the friends！,PRO,16,2:04,178,383,3.09,2015/09/03,We’re the friends!.jpg
17,全タイプ,We’re the friends！,MASTER,22,2:04,178,547,4.41,2015/09/03,We’re the friends!.jpg
18,全タイプ,メッセージ,DEBUT,7,2:02,170,105,0.86,2015/09/03,メッセージ.jpg
19,全タイプ,メッセージ,REGULAR,13,2:02,170,202,1.66,2015/09/03,メッセージ.jpg
20,全タイプ,メッセージ,PRO,16,2:02,170,347,2.84,2015/09/03,メッセージ.jpg
21,全タイプ,メッセージ,MASTER,25,2:02,170,521,4.27,2015/09/03,メッセージ.jpg
22,全タイプ,ススメ☆オトメ ～jewel parade～,DEBUT,8,2:07,130,96,0.76,2015/09/03,ススメ☆オトメ ~jewel parade~.jpg
23,全タイプ,ススメ☆オトメ ～jewel parade～,REGULAR,13,2:07,130,176,1.39,2015/09/03,ススメ☆オトメ ~jewel parade~.jpg
24,全タイプ,ススメ☆オトメ ～jewel parade～,PRO,18,2:07,130,342,2.69,2015/09/03,ススメ☆オトメ ~jewel parade~.jpg
25,全タイプ,ススメ☆オトメ ～jewel parade～,MASTER,25,2:07,130,466,3.67,2015/09/03,ススメ☆オトメ ~jewel parade~.jpg
26,キュート,ススメ☆オトメ ～jewel parade～（Cute）,DEBUT,8,2:07,130,109,0.86,2015/09/03,ススメ☆オトメ ~jewel parade~(Cute).jpg
27,キュート,ススメ☆オトメ ～jewel parade～（Cute）,REGULAR,13,2:07,130,196,1.54,2015/09/03,ススメ☆オトメ ~jewel parade~(Cute).jpg
28,キュート,ススメ☆オトメ ～jewel parade～（Cute）,PRO,17,2:07,130,365,2.87,2015/09/03,ススメ☆オトメ ~jewel parade~(Cute).jpg
29,キュート,ススメ☆オトメ ～jewel parade～（Cute）,MASTER,24,2:07,130,517,4.07,2015/09/03,ススメ☆オトメ ~jewel parade~(Cute).jpg
30,クール,ススメ☆オトメ ～jewel parade～（Cool）,DEBUT,8,2:07,130,88,0.69,2015/09/03,ススメ☆オトメ ~jewel parade~(Cool).jpg
31,クール,ススメ☆オトメ ～jewel parade～（Cool）,REGULAR,13,2:07,130,179,1.41,2015/09/03,ススメ☆オトメ ~jewel parade~(Cool).jpg
32,クール,ススメ☆オトメ ～jewel parade～（Cool）,PRO,17,2:07,130,292,2.30,2015/09/03,ススメ☆オトメ ~jewel parade~(Cool).jpg
33,クール,ススメ☆オトメ ～jewel parade～（Cool）,MASTER,24,2:07,130,406,3.20,2015/09/03,ススメ☆オトメ ~jewel parade~(Cool).jpg
34,パッション,ススメ☆オトメ ～jewel parade～（Passion）,DEBUT,8,2:07,130,83,0.65,2015/09/03,ススメ☆オトメ ~jewel parade~(Passion).jpg
35,パッション,ススメ☆オトメ ～jewel parade～（Passion）,REGULAR,13,2:07,130,166,1.31,2015/09/03,ススメ☆オトメ ~jewel parade~(Passion).jpg
36,パッション,ススメ☆オトメ ～jewel parade～（Passion）,PRO,17,2:07,130,398,3.13,2015/09/03,ススメ☆オトメ ~jewel parade~(Passion).jpg
37,パッション,ススメ☆オトメ ～jewel parade～（Passion）,MASTER,24,2:07,130,511,4.02,2015/09/03,ススメ☆オトメ ~jewel parade~(Passion).jpg
38,全タイプ,Star！！,DEBUT,6,2:06,178,102,0.81,2015/09/03,Star!!.jpg
39,全タイプ,Star！！,REGULAR,12,2:06,178,180,1.43,2015/09/03,Star!!.jpg
40,全タイプ,Star！！,PRO,16,2:06,178,346,2.75,2015/09/03,Star!!.jpg
41,全タイプ,Star！！,MASTER,25,2:06,178,569,4.52,2015/09/03,Star!!.jpg
42,全タイプ,夕映えプレゼント,DEBUT,8,2:04,175,103,0.83,2015/09/03,夕映えプレゼント.jpg
43,全タイプ,夕映えプレゼント,REGULAR,14,2:04,175,201,1.62,2015/09/03,夕映えプレゼント.jpg
44,全タイプ,夕映えプレゼント,PRO,18,2:04,175,425,3.43,2015/09/03,夕映えプレゼント.jpg
45,全タイプ,夕映えプレゼント,MASTER,26,2:04,175,593,4.78,2015/09/03,夕映えプレゼント.jpg
46,クール,Memories,DEBUT,6,2:02,130,74,0.61,2015/09/03,Memories.jpg
47,クール,Memories,REGULAR,11,2:02,130,135,1.11,2015/09/03,Memories.jpg
48,クール,Memories,PRO,16,2:02,130,267,2.19,2015/09/03,Memories.jpg
49,クール,Memories,MASTER,22,2:02,130,412,3.38,2015/09/03,Memories.jpg
50,クール,-LEGNE- 仇なす剣 光の旋律,DEBUT,9,2:07,189,116,0.91,2015/09/03,-LEGNE- 仇なす剣 光の旋律.jpg
51,クール,-LEGNE- 仇なす剣 光の旋律,REGULAR,14,2:07,189,224,1.76,2015/09/03,-LEGNE- 仇なす剣 光の旋律.jpg
52,クール,-LEGNE- 仇なす剣 光の旋律,PRO,19,2:07,189,417,3.28,2015/09/03,-LEGNE- 仇なす剣 光の旋律.jpg
53,クール,-LEGNE- 仇なす剣 光の旋律,MASTER,28,2:07,189,630,4.96,2015/09/03,-LEGNE- 仇なす剣 光の旋律.jpg
54,キュート,Happy×2 Days,DEBUT,8,2:09,130,109,0.84,2015/09/03,Happy×2 Days.jpg
55,キュート,Happy×2 Days,REGULAR,13,2:09,130,183,1.42,2015/09/03,Happy×2 Days.jpg
56,キュート,Happy×2 Days,PRO,17,2:09,130,325,2.52,2015/09/03,Happy×2 Days.jpg
57,キュート,Happy×2 Days,MASTER,23,2:09,130,478,3.71,2015/09/03,Happy×2 Days.jpg
58,パッション,LET’S GO HAPPY！！,DEBUT,7,2:11,192,126,0.96,2015/09/03,LET’S GO HAPPY!!.jpg
59,パッション,LET’S GO HAPPY！！,REGULAR,13,2:11,192,221,1.69,2015/09/03,LET’S GO HAPPY!!.jpg
60,パッション,LET’S GO HAPPY！！,PRO,18,2:11,192,450,3.44,2015/09/03,LET’S GO HAPPY!!.jpg
61,パッション,LET’S GO HAPPY！！,MASTER,27,2:11,192,703,5.37,2015/09/03,LET’S GO HAPPY!!.jpg
62,キュート,ØωØver！！,DEBUT,8,2:02,180,110,0.90,2015/09/03,ØωØver!!.jpg
63,キュート,ØωØver！！,REGULAR,12,2:02,180,181,1.48,2015/09/03,ØωØver!!.jpg
64,キュート,ØωØver！！,PRO,17,2:02,180,374,3.07,2015/09/03,ØωØver!!.jpg
65,キュート,ØωØver！！,MASTER,26,2:02,180,606,4.97,2015/09/03,ØωØver!!.jpg
66,全タイプ,できたて Evo！Revo！Generation！,DEBUT,7,2:07,174,104,0.82,2015/09/03,できたて Evo!Revo!Generation!.jpg
67,全タイプ,できたて Evo！Revo！Generation！,REGULAR,11,2:07,174,191,1.50,2015/09/03,できたて Evo!Revo!Generation!.jpg
68,全タイプ,できたて Evo！Revo！Generation！,PRO,19,2:07,174,448,3.53,2015/09/03,できたて Evo!Revo!Generation!.jpg
69,全タイプ,できたて Evo！Revo！Generation！,MASTER,26,2:07,174,671,5.28,2015/09/03,できたて Evo!Revo!Generation!.jpg
70,全タイプ,GOIN’！！！,DEBUT,9,2:06,178,125,0.99,2015/09/03,GOIN’!!!.jpg
71,全タイプ,GOIN’！！！,REGULAR,13,2:06,178,181,1.44,2015/09/03,GOIN’!!!.jpg
72,全タイプ,GOIN’！！！,PRO,17,2:06,178,383,3.04,2015/09/03,GOIN’!!!.jpg
73,全タイプ,GOIN’！！！,MASTER,27,2:06,178,575,4.56,2015/09/03,GOIN’!!!.jpg
74,全タイプ,Shine！！,DEBUT,8,2:05,174,127,1.02,2015/09/03,Shine!!.jpg
75,全タイプ,Shine！！,REGULAR,14,2:05,174,215,1.72,2015/09/03,Shine!!.jpg
76,全タイプ,Shine！！,PRO,18,2:05,174,376,3.01,2015/09/03,Shine!!.jpg
77,全タイプ,Shine！！,MASTER,25,2:05,174,540,4.32,2015/09/03,Shine!!.jpg
78,全タイプ,夢色ハーモニー,DEBUT,8,2:08,178,127,0.99,2015/10/31,夢色ハーモニー.jpg
79,全タイプ,夢色ハーモニー,REGULAR,14,2:08,178,197,1.54,2015/10/31,夢色ハーモニー.jpg
80,全タイプ,夢色ハーモニー,PRO,18,2:08,178,390,3.05,2015/10/31,夢色ハーモニー.jpg
81,全タイプ,夢色ハーモニー,MASTER,26,2:08,178,630,4.92,2015/10/31,夢色ハーモニー.jpg
82,全タイプ,夢色ハーモニー,MASTER+,29,2:08,178,777,6.07,2015/10/31,夢色ハーモニー.jpg
83,クール,Trancing Pulse,DEBUT,9,1:59,143,112,0.94,2015/10/14,Trancing Pulse.jpg
84,クール,Trancing Pulse,REGULAR,14,1:59,143,194,1.63,2015/10/14,Trancing Pulse.jpg
85,クール,Trancing Pulse,PRO,19,1:59,143,389,3.27,2015/10/14,Trancing Pulse.jpg
86,クール,Trancing Pulse,MASTER,28,1:59,143,662,5.56,2015/10/14,Trancing Pulse.jpg
87,全タイプ,M＠GIC☆,DEBUT,8,2:03,178,108,0.88,2015/11/25,M@GIC☆.jpg
88,全タイプ,M＠GIC☆,REGULAR,14,2:03,178,248,2.02,2015/11/25,M@GIC☆.jpg
89,全タイプ,M＠GIC☆,PRO,18,2:03,178,403,3.28,2015/11/25,M@GIC☆.jpg
90,全タイプ,M＠GIC☆,MASTER,28,2:03,178,767,6.24,2015/11/25,M@GIC☆.jpg
91,キュート,アタシポンコツアンドロイド,DEBUT,8,2:07,135,99,0.78,2015/09/25,アタシポンコツアンドロイド.jpg
92,キュート,アタシポンコツアンドロイド,REGULAR,12,2:07,135,202,1.59,2015/09/25,アタシポンコツアンドロイド.jpg
93,キュート,アタシポンコツアンドロイド,PRO,17,2:07,135,391,3.08,2015/09/25,アタシポンコツアンドロイド.jpg
94,キュート,アタシポンコツアンドロイド,MASTER,26,2:07,135,634,4.99,2015/09/25,アタシポンコツアンドロイド.jpg
95,クール,Nation Blue,DEBUT,9,2:12,157,141,1.07,2015/10/19,Nation Blue.jpg
96,クール,Nation Blue,REGULAR,13,2:12,157,219,1.66,2015/10/19,Nation Blue.jpg
97,クール,Nation Blue,PRO,17,2:12,157,368,2.79,2015/10/19,Nation Blue.jpg
98,クール,Nation Blue,MASTER,26,2:12,157,708,5.36,2015/10/19,Nation Blue.jpg
99,パッション,Orange Sapphire,DEBUT,8,2:06,162,116,0.92,2015/11/20,Orange Sapphire.jpg
100,パッション,Orange Sapphire,REGULAR,13,2:06,162,214,1.70,2015/11/20,Orange Sapphire.jpg
101,パッション,Orange Sapphire,PRO,17,2:06,162,441,3.50,2015/11/20,Orange Sapphire.jpg
102,パッション,Orange Sapphire,MASTER,26,2:06,162,719,5.71,2015/11/20,Orange Sapphire.jpg
103,全タイプ,流れ星キセキ,DEBUT,8,2:08,174,96,0.75,2015/12/04,流れ星キセキ.jpg
104,全タイプ,流れ星キセキ,REGULAR,14,2:08,174,150,1.17,2015/12/04,流れ星キセキ.jpg
105,全タイプ,流れ星キセキ,PRO,17,2:08,174,378,2.95,2015/12/04,流れ星キセキ.jpg
106,全タイプ,流れ星キセキ,MASTER,26,2:08,174,596,4.66,2015/12/04,流れ星キセキ.jpg
107,全タイプ,流れ星キセキ,MASTER+,29,2:08,174,814,6.36,2015/12/04,流れ星キセキ.jpg
108,全タイプ,Snow Wings,DEBUT,8,1:54,167,121,1.06,2015/12/18,Snow Wings.jpg
109,全タイプ,Snow Wings,REGULAR,14,1:54,167,202,1.77,2015/12/18,Snow Wings.jpg
110,全タイプ,Snow Wings,PRO,17,1:54,167,383,3.36,2015/12/18,Snow Wings.jpg
111,全タイプ,Snow Wings,MASTER,26,1:54,167,682,5.98,2015/12/18,Snow Wings.jpg
112,全タイプ,ゴキゲンParty Night,DEBUT,8,2:06,175,117,0.93,2015/12/30,ゴキゲンParty Night.jpg
113,全タイプ,ゴキゲンParty Night,REGULAR,14,2:06,175,234,1.86,2015/12/30,ゴキゲンParty Night.jpg
114,全タイプ,ゴキゲンParty Night,PRO,18,2:06,175,405,3.21,2015/12/30,ゴキゲンParty Night.jpg
115,全タイプ,ゴキゲンParty Night,MASTER,26,2:06,175,632,5.02,2015/12/30,ゴキゲンParty Night.jpg
116,全タイプ,ゴキゲンParty Night,MASTER+,29,2:06,175,928,7.37,2015/12/30,ゴキゲンParty Night.jpg
117,キュート,ゴキゲンParty Night（Cute）,DEBUT,8,2:06,175,123,0.98,2016/02/16,ゴキゲンParty Night(Cute).jpg
118,キュート,ゴキゲンParty Night（Cute）,REGULAR,13,2:06,175,206,1.63,2016/02/16,ゴキゲンParty Night(Cute).jpg
119,キュート,ゴキゲンParty Night（Cute）,PRO,17,2:06,175,416,3.30,2016/02/16,ゴキゲンParty Night(Cute).jpg
120,キュート,ゴキゲンParty Night（Cute）,MASTER,25,2:06,175,548,4.35,2016/02/16,ゴキゲンParty Night(Cute).jpg
121,クール,ゴキゲンParty Night（Cool）,DEBUT,8,2:06,175,116,0.92,2016/02/16,ゴキゲンParty Night(Cool).jpg
122,クール,ゴキゲンParty Night（Cool）,REGULAR,13,2:06,175,252,2.00,2016/02/16,ゴキゲンParty Night(Cool).jpg
123,クール,ゴキゲンParty Night（Cool）,PRO,17,2:06,175,380,3.02,2016/02/16,ゴキゲンParty Night(Cool).jpg
124,クール,ゴキゲンParty Night（Cool）,MASTER,25,2:06,175,630,5.00,2016/02/16,ゴキゲンParty Night(Cool).jpg
125,パッション,ゴキゲンParty Night（Passion）,DEBUT,8,2:06,175,113,0.90,2016/02/16,ゴキゲンParty Night(Passion).jpg
126,パッション,ゴキゲンParty Night（Passion）,REGULAR,13,2:06,175,236,1.87,2016/02/16,ゴキゲンParty Night(Passion).jpg
127,パッション,ゴキゲンParty Night（Passion）,PRO,17,2:06,175,380,3.02,2016/02/16,ゴキゲンParty Night(Passion).jpg
128,パッション,ゴキゲンParty Night（Passion）,MASTER,25,2:06,175,630,5.00,2016/02/16,ゴキゲンParty Night(Passion).jpg
129,キュート,パステルピンクな恋,DEBUT,8,2:00,175,113,0.94,2016/01/20,パステルピンクな恋.jpg
130,キュート,パステルピンクな恋,REGULAR,14,2:00,175,207,1.73,2016/01/20,パステルピンクな恋.jpg
131,キュート,パステルピンクな恋,PRO,18,2:00,175,396,3.30,2016/01/20,パステルピンクな恋.jpg
132,キュート,パステルピンクな恋,MASTER,26,2:00,175,684,5.70,2016/01/20,パステルピンクな恋.jpg
133,全タイプ,Tulip,DEBUT,8,2:10,154,115,0.88,2016/01/31,Tulip.jpg
134,全タイプ,Tulip,REGULAR,14,2:10,154,184,1.42,2016/01/31,Tulip.jpg
135,全タイプ,Tulip,PRO,18,2:10,154,351,2.70,2016/01/31,Tulip.jpg
136,全タイプ,Tulip,MASTER,26,2:10,154,659,5.07,2016/01/31,Tulip.jpg
137,全タイプ,Tulip,MASTER+,30,2:10,154,868,6.68,2016/01/31,Tulip.jpg
138,クール,オルゴールの小箱,DEBUT,6,2:07,93,84,0.66,2016/02/18,オルゴールの小箱.jpg
139,クール,オルゴールの小箱,REGULAR,11,2:07,93,145,1.14,2016/02/18,オルゴールの小箱.jpg
140,クール,オルゴールの小箱,PRO,16,2:07,93,321,2.53,2016/02/18,オルゴールの小箱.jpg
141,クール,オルゴールの小箱,MASTER,25,2:07,93,531,4.18,2016/02/18,オルゴールの小箱.jpg
142,パッション,絶対特権主張しますっ！,DEBUT,9,2:03,200,167,1.36,2016/03/20,絶対特権主張しますっ!.jpg
143,パッション,絶対特権主張しますっ！,REGULAR,14,2:03,200,249,2.02,2016/03/20,絶対特権主張しますっ!.jpg
144,パッション,絶対特権主張しますっ！,PRO,19,2:03,200,476,3.87,2016/03/20,絶対特権主張しますっ!.jpg
145,パッション,絶対特権主張しますっ！,MASTER,27,2:03,200,777,6.32,2016/03/20,絶対特権主張しますっ!.jpg
146,全タイプ,Absolute NIne,DEBUT,9,2:03,175,133,1.08,2016/02/29,Absolute NIne.jpg
147,全タイプ,Absolute NIne,REGULAR,13,2:03,175,195,1.59,2016/02/29,Absolute NIne.jpg
148,全タイプ,Absolute NIne,PRO,18,2:03,175,347,2.82,2016/02/29,Absolute NIne.jpg
149,全タイプ,Absolute NIne,MASTER,26,2:03,175,622,5.06,2016/02/29,Absolute NIne.jpg
150,全タイプ,Absolute NIne,MASTER+,30,2:03,175,999,8.12,2016/02/29,Absolute NIne.jpg
151,全タイプ,ハイファイ☆デイズ,DEBUT,7,2:07,191,116,0.91,2016/03/31,ハイファイ☆デイズ.jpg
152,全タイプ,ハイファイ☆デイズ,REGULAR,13,2:07,191,203,1.60,2016/03/31,ハイファイ☆デイズ.jpg
153,全タイプ,ハイファイ☆デイズ,PRO,18,2:07,191,415,3.27,2016/03/31,ハイファイ☆デイズ.jpg
154,全タイプ,ハイファイ☆デイズ,MASTER,24,2:07,191,554,4.36,2016/03/31,ハイファイ☆デイズ.jpg
155,全タイプ,ハイファイ☆デイズ,MASTER+,28,2:07,191,800,6.30,2016/03/31,ハイファイ☆デイズ.jpg
156,全タイプ,つぼみ,DEBUT,8,2:03,117,109,0.87,2016/04/19,つぼみ.jpg
157,全タイプ,つぼみ,REGULAR,14,2:03,117,166,1.35,2016/04/19,つぼみ.jpg
158,全タイプ,つぼみ,PRO,18,2:03,117,325,2.64,2016/04/19,つぼみ.jpg
159,全タイプ,つぼみ,MASTER,26,2:03,117,440,3.58,2016/04/19,つぼみ.jpg
160,全タイプ,生存本能ヴァルキュリア,DEBUT,9,2:09,178,115,0.89,2016/04/30,生存本能ヴァルキュリア.jpg
161,全タイプ,生存本能ヴァルキュリア,REGULAR,13,2:09,178,207,1.60,2016/04/30,生存本能ヴァルキュリア.jpg
162,全タイプ,生存本能ヴァルキュリア,PRO,19,2:09,178,412,3.19,2016/04/30,生存本能ヴァルキュリア.jpg
163,全タイプ,生存本能ヴァルキュリア,MASTER,26,2:09,178,656,5.09,2016/04/30,生存本能ヴァルキュリア.jpg
164,全タイプ,生存本能ヴァルキュリア,MASTER+,30,2:09,178,953,7.38,2016/04/30,生存本能ヴァルキュリア.jpg
165,全タイプ,純情Midnight伝説,DEBUT,8,2:09,171,121,0.94,2016/05/31,純情Midnight伝説.jpg
166,全タイプ,純情Midnight伝説,REGULAR,13,2:09,171,204,1.58,2016/05/31,純情Midnight伝説.jpg
167,全タイプ,純情Midnight伝説,PRO,18,2:09,171,426,3.30,2016/05/31,純情Midnight伝説.jpg
168,全タイプ,純情Midnight伝説,MASTER,25,2:09,171,651,5.05,2016/05/31,純情Midnight伝説.jpg
169,全タイプ,純情Midnight伝説,MASTER+,29,2:09,171,927,7.19,2016/05/31,純情Midnight伝説.jpg
170,全タイプ,Love∞Destiny,PRO,19,2:06,115,381,3.02,2016/06/30,Love∞Destiny.jpg
171,全タイプ,Love∞Destiny,MASTER,26,2:06,115,613,4.87,2016/06/30,Love∞Destiny.jpg
172,全タイプ,Love∞Destiny,MASTER+,29,2:06,115,739,5.87,2016/06/30,Love∞Destiny.jpg
173,キュート,明日また会えるよね,DEBUT,8,2:05,145,112,0.90,2016/05/19,明日また会えるよね.jpg
174,キュート,明日また会えるよね,REGULAR,13,2:05,145,180,1.44,2016/05/19,明日また会えるよね.jpg
175,キュート,明日また会えるよね,PRO,17,2:05,145,390,3.12,2016/05/19,明日また会えるよね.jpg
176,キュート,明日また会えるよね,MASTER,25,2:05,145,553,4.43,2016/05/19,明日また会えるよね.jpg
177,クール,咲いてJewel,DEBUT,8,2:14,176,112,0.84,2016/06/20,咲いてJewel.jpg
178,クール,咲いてJewel,REGULAR,14,2:14,176,218,1.63,2016/06/20,咲いてJewel.jpg
179,クール,咲いてJewel,PRO,18,2:14,176,380,2.84,2016/06/20,咲いてJewel.jpg
180,クール,咲いてJewel,MASTER,25,2:14,176,573,4.28,2016/06/20,咲いてJewel.jpg
181,クール,咲いてJewel,MASTER+,29,2:14,176,923,6.89,2016/06/20,咲いてJewel.jpg
182,パッション,きみにいっぱい☆,DEBUT,8,2:05,132,101,0.81,2016/07/19,きみにいっぱい☆.jpg
183,パッション,きみにいっぱい☆,REGULAR,14,2:05,132,196,1.57,2016/07/19,きみにいっぱい☆.jpg
184,パッション,きみにいっぱい☆,PRO,18,2:05,132,314,2.51,2016/07/19,きみにいっぱい☆.jpg
185,パッション,きみにいっぱい☆,MASTER,25,2:05,132,514,4.11,2016/07/19,きみにいっぱい☆.jpg
186,パッション,きみにいっぱい☆,MASTER+,28,2:05,132,831,6.65,2016/07/19,きみにいっぱい☆.jpg
187,全タイプ,サマカニ！！,DEBUT,8,2:04,185,125,1.01,2016/07/31,サマカニ!!.jpg
188,全タイプ,サマカニ！！,REGULAR,14,2:04,185,204,1.65,2016/07/31,サマカニ!!.jpg
189,全タイプ,サマカニ！！,PRO,19,2:04,185,433,3.49,2016/07/31,サマカニ!!.jpg
190,全タイプ,サマカニ！！,MASTER,26,2:04,185,697,5.62,2016/07/31,サマカニ!!.jpg
191,全タイプ,サマカニ！！,MASTER+,30,2:04,185,979,7.90,2016/07/31,サマカニ!!.jpg
192,全タイプ,Near to You,DEBUT,8,2:09,174,108,0.84,2016/08/19,Near to You.jpg
193,全タイプ,Near to You,REGULAR,13,2:09,174,177,1.37,2016/08/19,Near to You.jpg
194,全タイプ,Near to You,PRO,17,2:09,174,358,2.78,2016/08/19,Near to You.jpg
195,全タイプ,Near to You,MASTER,26,2:09,174,566,4.39,2016/08/19,Near to You.jpg
196,全タイプ,Near to You,MASTER+,29,2:09,174,870,6.74,2016/08/19,Near to You.jpg
197,全タイプ,BEYOND THE STARLIGHT,DEBUT,7,2:02,175,105,0.86,2016/08/31,BEYOND THE STARLIGHT.jpg
198,全タイプ,BEYOND THE STARLIGHT,REGULAR,13,2:02,175,199,1.63,2016/08/31,BEYOND THE STARLIGHT.jpg
199,全タイプ,BEYOND THE STARLIGHT,PRO,17,2:02,175,346,2.84,2016/08/31,BEYOND THE STARLIGHT.jpg
200,全タイプ,BEYOND THE STARLIGHT,MASTER,26,2:02,175,600,4.92,2016/08/31,BEYOND THE STARLIGHT.jpg
201,全タイプ,BEYOND THE STARLIGHT,MASTER+,29,2:02,175,811,6.65,2016/08/31,BEYOND THE STARLIGHT.jpg
202,キュート,Near to You（Cute）,DEBUT,8,2:09,174,106,0.82,2016/09/27,Near to You(Cute).jpg
203,キュート,Near to You（Cute）,REGULAR,13,2:09,174,175,1.36,2016/09/27,Near to You(Cute).jpg
204,キュート,Near to You（Cute）,PRO,17,2:09,174,377,2.92,2016/09/27,Near to You(Cute).jpg
205,キュート,Near to You（Cute）,MASTER,25,2:09,174,558,4.33,2016/09/27,Near to You(Cute).jpg
206,クール,Near to You（Cool）,DEBUT,8,2:09,174,107,0.83,2016/09/27,Near to You(Cool).jpg
207,クール,Near to You（Cool）,REGULAR,13,2:09,174,154,1.19,2016/09/27,Near to You(Cool).jpg
208,クール,Near to You（Cool）,PRO,17,2:09,174,331,2.57,2016/09/27,Near to You(Cool).jpg
209,クール,Near to You（Cool）,MASTER,25,2:09,174,516,4.00,2016/09/27,Near to You(Cool).jpg
210,パッション,Near to You（Passion）,DEBUT,8,2:09,174,118,0.91,2016/09/27,Near to You(Passion).jpg
211,パッション,Near to You（Passion）,REGULAR,13,2:09,174,210,1.63,2016/09/27,Near to You(Passion).jpg
212,パッション,Near to You（Passion）,PRO,17,2:09,174,402,3.12,2016/09/27,Near to You(Passion).jpg
213,パッション,Near to You（Passion）,MASTER,25,2:09,174,582,4.51,2016/09/27,Near to You(Passion).jpg
214,キュート,ラブレター,DEBUT,8,2:08,212,115,0.90,2016/09/20,ラブレター.jpg
215,キュート,ラブレター,REGULAR,13,2:08,212,208,1.63,2016/09/20,ラブレター.jpg
216,キュート,ラブレター,PRO,18,2:08,212,329,2.57,2016/09/20,ラブレター.jpg
217,キュート,ラブレター,MASTER,26,2:08,212,546,4.27,2016/09/20,ラブレター.jpg
218,キュート,ラブレター,MASTER+,29,2:08,212,791,6.18,2016/09/20,ラブレター.jpg
219,全タイプ,STORY,DEBUT,7,2:06,148,116,0.92,2016/09/30,STORY.jpg
220,全タイプ,STORY,REGULAR,13,2:06,148,223,1.77,2016/09/30,STORY.jpg
221,全タイプ,STORY,PRO,17,2:06,148,342,2.71,2016/09/30,STORY.jpg
222,全タイプ,STORY,MASTER,25,2:06,148,547,4.34,2016/09/30,STORY.jpg
223,全タイプ,STORY,MASTER+,28,2:06,148,771,6.12,2016/09/30,STORY.jpg
224,全タイプ,キミとボクのミライ,DEBUT,8,1:57,178,125,1.07,2016/10/14,キミとボクのミライ.jpg
225,全タイプ,キミとボクのミライ,REGULAR,14,1:57,178,224,1.91,2016/10/14,キミとボクのミライ.jpg
226,全タイプ,キミとボクのミライ,PRO,18,1:57,178,321,2.74,2016/10/14,キミとボクのミライ.jpg
227,全タイプ,キミとボクのミライ,MASTER,25,1:57,178,545,4.66,2016/10/14,キミとボクのミライ.jpg
228,クール,Jet to the Future,DEBUT,8,2:04,180,99,0.80,2016/10/20,Jet to the Future.jpg
229,クール,Jet to the Future,REGULAR,13,2:04,180,158,1.27,2016/10/20,Jet to the Future.jpg
230,クール,Jet to the Future,PRO,18,2:04,180,365,2.94,2016/10/20,Jet to the Future.jpg
231,クール,Jet to the Future,MASTER,26,2:04,180,599,4.83,2016/10/20,Jet to the Future.jpg
232,クール,Jet to the Future,MASTER+,29,2:04,180,784,6.32,2016/10/20,Jet to the Future.jpg
233,キュート,S（mile）ING！,DEBUT,6,2:08,178,95,0.74,2015/09/03,S(mile)ING!.jpg
234,キュート,S（mile）ING！,REGULAR,11,2:08,178,162,1.27,2015/09/03,S(mile)ING!.jpg
235,キュート,S（mile）ING！,PRO,15,2:08,178,269,2.10,2015/09/03,S(mile)ING!.jpg
236,キュート,S（mile）ING！,MASTER,21,2:08,178,438,3.42,2015/09/03,S(mile)ING!.jpg
237,クール,Never say never,DEBUT,6,2:11,156,112,0.85,2015/09/03,Never say never.jpg
238,クール,Never say never,REGULAR,12,2:11,156,216,1.65,2015/09/03,Never say never.jpg
239,クール,Never say never,PRO,17,2:11,156,371,2.83,2015/09/03,Never say never.jpg
240,クール,Never say never,MASTER,25,2:11,156,611,4.66,2015/09/03,Never say never.jpg
241,パッション,ミツボシ☆☆★,DEBUT,8,2:06,175,122,0.97,2015/09/03,ミツボシ☆☆★.jpg
242,パッション,ミツボシ☆☆★,REGULAR,12,2:06,175,189,1.50,2015/09/03,ミツボシ☆☆★.jpg
243,パッション,ミツボシ☆☆★,PRO,17,2:06,175,391,3.10,2015/09/03,ミツボシ☆☆★.jpg
244,パッション,ミツボシ☆☆★,MASTER,24,2:06,175,579,4.60,2015/09/03,ミツボシ☆☆★.jpg
245,キュート,おねだり Shall We ～？,DEBUT,8,2:05,148,106,0.85,2015/09/03,おねだり Shall We ~?.jpg
246,キュート,おねだり Shall We ～？,REGULAR,13,2:05,148,178,1.42,2015/09/03,おねだり Shall We ~?.jpg
247,キュート,おねだり Shall We ～？,PRO,18,2:05,148,352,2.82,2015/09/03,おねだり Shall We ~?.jpg
248,キュート,おねだり Shall We ～？,MASTER,25,2:05,148,520,4.16,2015/09/03,おねだり Shall We ~?.jpg
249,クール,Twilight Sky,DEBUT,7,2:02,175,122,1.00,2015/09/03,Twilight Sky.jpg
250,クール,Twilight Sky,REGULAR,13,2:02,175,192,1.57,2015/09/03,Twilight Sky.jpg
251,クール,Twilight Sky,PRO,18,2:02,175,425,3.48,2015/09/03,Twilight Sky.jpg
252,クール,Twilight Sky,MASTER,24,2:02,175,582,4.77,2015/09/03,Twilight Sky.jpg
253,パッション,DOKIDOKIリズム,DEBUT,8,2:03,180,101,0.82,2015/09/03,DOKIDOKIリズム.jpg
254,パッション,DOKIDOKIリズム,REGULAR,13,2:03,180,192,1.56,2015/09/03,DOKIDOKIリズム.jpg
255,パッション,DOKIDOKIリズム,PRO,17,2:03,180,380,3.09,2015/09/03,DOKIDOKIリズム.jpg
256,パッション,DOKIDOKIリズム,MASTER,24,2:03,180,569,4.63,2015/09/03,DOKIDOKIリズム.jpg
257,キュート,風色メロディ,DEBUT,6,2:09,90,67,0.52,2015/09/03,風色メロディ.jpg
258,キュート,風色メロディ,REGULAR,11,2:09,90,138,1.07,2015/09/03,風色メロディ.jpg
259,キュート,風色メロディ,PRO,16,2:09,90,283,2.19,2015/09/03,風色メロディ.jpg
260,キュート,風色メロディ,MASTER,23,2:09,90,409,3.17,2015/09/03,風色メロディ.jpg
261,パッション,ましゅまろ☆キッス,DEBUT,8,2:05,186,95,0.76,2015/09/03,ましゅまろ☆キッス.jpg
262,パッション,ましゅまろ☆キッス,REGULAR,13,2:05,186,157,1.26,2015/09/03,ましゅまろ☆キッス.jpg
263,パッション,ましゅまろ☆キッス,PRO,18,2:05,186,379,3.03,2015/09/03,ましゅまろ☆キッス.jpg
264,パッション,ましゅまろ☆キッス,MASTER,24,2:05,186,504,4.03,2015/09/03,ましゅまろ☆キッス.jpg
265,キュート,あんずのうた,DEBUT,9,2:06,195,152,1.21,2015/09/03,あんずのうた.jpg
266,キュート,あんずのうた,REGULAR,14,2:06,195,265,2.10,2015/09/03,あんずのうた.jpg
267,キュート,あんずのうた,PRO,19,2:06,195,464,3.68,2015/09/03,あんずのうた.jpg
268,キュート,あんずのうた,MASTER,28,2:06,195,700,5.56,2015/09/03,あんずのうた.jpg
269,クール,華蕾夢ミル狂詩曲～魂ノ導～,DEBUT,6,2:06,184,88,0.70,2015/09/03,華蕾夢ミル狂詩曲~魂ノ導~.jpg
270,クール,華蕾夢ミル狂詩曲～魂ノ導～,REGULAR,13,2:06,184,190,1.51,2015/09/03,華蕾夢ミル狂詩曲~魂ノ導~.jpg
271,クール,華蕾夢ミル狂詩曲～魂ノ導～,PRO,18,2:06,184,423,3.36,2015/09/03,華蕾夢ミル狂詩曲~魂ノ導~.jpg
272,クール,華蕾夢ミル狂詩曲～魂ノ導～,MASTER,27,2:06,184,656,5.21,2015/09/03,華蕾夢ミル狂詩曲~魂ノ導~.jpg
273,キュート,ショコラ・ティアラ,DEBUT,6,2:06,133,82,0.65,2015/10/06,ショコラ・ティアラ.jpg
274,キュート,ショコラ・ティアラ,REGULAR,13,2:06,133,166,1.32,2015/10/06,ショコラ・ティアラ.jpg
275,キュート,ショコラ・ティアラ,PRO,18,2:06,133,366,2.90,2015/10/06,ショコラ・ティアラ.jpg
276,キュート,ショコラ・ティアラ,MASTER,26,2:06,133,510,4.05,2015/10/06,ショコラ・ティアラ.jpg
277,クール,ヴィーナスシンドローム,DEBUT,8,2:09,151,107,0.83,2015/10/28,ヴィーナスシンドローム.jpg
278,クール,ヴィーナスシンドローム,REGULAR,14,2:09,151,169,1.31,2015/10/28,ヴィーナスシンドローム.jpg
279,クール,ヴィーナスシンドローム,PRO,19,2:09,151,379,2.94,2015/10/28,ヴィーナスシンドローム.jpg
280,クール,ヴィーナスシンドローム,MASTER,26,2:09,151,612,4.74,2015/10/28,ヴィーナスシンドローム.jpg
281,パッション,Romantic Now,DEBUT,8,2:02,170,126,1.03,2015/11/09,Romantic Now.jpg
282,パッション,Romantic Now,REGULAR,14,2:02,170,248,2.03,2015/11/09,Romantic Now.jpg
283,パッション,Romantic Now,PRO,19,2:02,170,461,3.78,2015/11/09,Romantic Now.jpg
284,パッション,Romantic Now,MASTER,27,2:02,170,660,5.41,2015/11/09,Romantic Now.jpg
285,クール,You’re stars shine on me,DEBUT,6,2:07,96,69,0.54,2015/11/27,You’re stars shine on me.jpg
286,クール,You’re stars shine on me,REGULAR,12,2:07,96,115,0.91,2015/11/27,You’re stars shine on me.jpg
287,クール,You’re stars shine on me,PRO,16,2:07,96,245,1.93,2015/11/27,You’re stars shine on me.jpg
288,クール,You’re stars shine on me,MASTER,23,2:07,96,425,3.35,2015/11/27,You’re stars shine on me.jpg
289,パッション,TOKIMEKIエスカレート,DEBUT,9,2:08,140,140,1.09,2015/12/14,TOKIMEKIエスカレート.jpg
290,パッション,TOKIMEKIエスカレート,REGULAR,14,2:08,140,240,1.88,2015/12/14,TOKIMEKIエスカレート.jpg
291,パッション,TOKIMEKIエスカレート,PRO,19,2:08,140,494,3.86,2015/12/14,TOKIMEKIエスカレート.jpg
292,パッション,TOKIMEKIエスカレート,MASTER,28,2:08,140,800,6.25,2015/12/14,TOKIMEKIエスカレート.jpg
293,キュート,Naked Romance,DEBUT,7,2:10,168,110,0.85,2015/12/28,Naked Romance.jpg
294,キュート,Naked Romance,REGULAR,13,2:10,168,200,1.54,2015/12/28,Naked Romance.jpg
295,キュート,Naked Romance,PRO,17,2:10,168,333,2.56,2015/12/28,Naked Romance.jpg
296,キュート,Naked Romance,MASTER,26,2:10,168,674,5.18,2015/12/28,Naked Romance.jpg
297,クール,Angel Breeze,DEBUT,9,2:11,150,118,0.90,2016/01/09,Angel Breeze.jpg
298,クール,Angel Breeze,REGULAR,14,2:11,150,216,1.65,2016/01/09,Angel Breeze.jpg
299,クール,Angel Breeze,PRO,17,2:11,150,352,2.69,2016/01/09,Angel Breeze.jpg
300,クール,Angel Breeze,MASTER,24,2:11,150,524,4.00,2016/01/09,Angel Breeze.jpg
301,パッション,アップルパイ・プリンセス,DEBUT,6,2:08,178,105,0.82,2016/01/28,アップルパイ・プリンセス.jpg
302,パッション,アップルパイ・プリンセス,REGULAR,11,2:08,178,196,1.53,2016/01/28,アップルパイ・プリンセス.jpg
303,パッション,アップルパイ・プリンセス,PRO,17,2:08,178,376,2.94,2016/01/28,アップルパイ・プリンセス.jpg
304,パッション,アップルパイ・プリンセス,MASTER,23,2:08,178,562,4.39,2016/01/28,アップルパイ・プリンセス.jpg
305,キュート,エヴリデイドリーム,DEBUT,8,2:04,157,114,0.92,2016/02/08,エヴリデイドリーム.jpg
306,キュート,エヴリデイドリーム,REGULAR,13,2:04,157,175,1.41,2016/02/08,エヴリデイドリーム.jpg
307,キュート,エヴリデイドリーム,PRO,17,2:04,157,342,2.76,2016/02/08,エヴリデイドリーム.jpg
308,キュート,エヴリデイドリーム,MASTER,25,2:04,157,552,4.45,2016/02/08,エヴリデイドリーム.jpg
309,クール,Bright Blue,DEBUT,6,2:06,105,81,0.64,2016/02/26,Bright Blue.jpg
310,クール,Bright Blue,REGULAR,11,2:06,105,144,1.14,2016/02/26,Bright Blue.jpg
311,クール,Bright Blue,PRO,16,2:06,105,240,1.90,2016/02/26,Bright Blue.jpg
312,クール,Bright Blue,MASTER,23,2:06,105,389,3.09,2016/02/26,Bright Blue.jpg
313,パッション,Rockin’ Emotion,DEBUT,9,2:09,177,148,1.15,2016/03/09,Rockin’ Emotion.jpg
314,パッション,Rockin’ Emotion,REGULAR,13,2:09,177,210,1.63,2016/03/09,Rockin’ Emotion.jpg
315,パッション,Rockin’ Emotion,PRO,18,2:09,177,396,3.07,2016/03/09,Rockin’ Emotion.jpg
316,パッション,Rockin’ Emotion,MASTER,26,2:09,177,675,5.23,2016/03/09,Rockin’ Emotion.jpg
317,キュート,花簪 HANAKANZASHI,DEBUT,6,2:07,125,91,0.72,2016/03/28,花簪 HANAKANZASHI.jpg
318,キュート,花簪 HANAKANZASHI,REGULAR,13,2:07,125,168,1.32,2016/03/28,花簪 HANAKANZASHI.jpg
319,キュート,花簪 HANAKANZASHI,PRO,19,2:07,125,340,2.68,2016/03/28,花簪 HANAKANZASHI.jpg
320,キュート,花簪 HANAKANZASHI,MASTER,27,2:07,125,645,5.08,2016/03/28,花簪 HANAKANZASHI.jpg
321,クール,Hotel Moonside,DEBUT,9,2:08,129,138,1.08,2016/04/08,Hotel Moonside.jpg
322,クール,Hotel Moonside,REGULAR,14,2:08,129,256,2.00,2016/04/08,Hotel Moonside.jpg
323,クール,Hotel Moonside,PRO,19,2:08,129,410,3.20,2016/04/08,Hotel Moonside.jpg
324,クール,Hotel Moonside,MASTER,27,2:08,129,779,6.09,2016/04/08,Hotel Moonside.jpg
325,パッション,お散歩カメラ,DEBUT,8,2:05,172,110,0.88,2016/04/27,お散歩カメラ.jpg
326,パッション,お散歩カメラ,REGULAR,13,2:05,172,197,1.58,2016/04/27,お散歩カメラ.jpg
327,パッション,お散歩カメラ,PRO,18,2:05,172,381,3.05,2016/04/27,お散歩カメラ.jpg
328,パッション,お散歩カメラ,MASTER,26,2:05,172,610,4.88,2016/04/27,お散歩カメラ.jpg
329,キュート,メルヘンデビュー！,DEBUT,7,2:05,170,77,0.62,2016/05/09,メルヘンデビュー!.jpg
330,キュート,メルヘンデビュー！,REGULAR,13,2:05,170,177,1.42,2016/05/09,メルヘンデビュー!.jpg
331,キュート,メルヘンデビュー！,PRO,17,2:05,170,377,3.02,2016/05/09,メルヘンデビュー!.jpg
332,キュート,メルヘンデビュー！,MASTER,27,2:05,170,747,5.98,2016/05/09,メルヘンデビュー!.jpg
333,クール,2nd SIDE,DEBUT,7,2:00,133,95,0.79,2016/05/28,2nd SIDE.jpg
334,クール,2nd SIDE,REGULAR,12,2:00,133,168,1.40,2016/05/28,2nd SIDE.jpg
335,クール,2nd SIDE,PRO,17,2:00,133,291,2.43,2016/05/28,2nd SIDE.jpg
336,クール,2nd SIDE,MASTER,25,2:00,133,527,4.39,2016/05/28,2nd SIDE.jpg
337,パッション,熱血乙女A,DEBUT,6,2:06,174,87,0.69,2016/06/09,熱血乙女A.jpg
338,パッション,熱血乙女A,REGULAR,11,2:06,174,189,1.50,2016/06/09,熱血乙女A.jpg
339,パッション,熱血乙女A,PRO,16,2:06,174,323,2.56,2016/06/09,熱血乙女A.jpg
340,パッション,熱血乙女A,MASTER,22,2:06,174,500,3.97,2016/06/09,熱血乙女A.jpg
341,キュート,き・ま・ぐ・れ☆Café au lait！,DEBUT,7,2:04,148,91,0.73,2016/06/28,き・ま・ぐ・れ☆Café au lait!.jpg
342,キュート,き・ま・ぐ・れ☆Café au lait！,REGULAR,13,2:04,148,187,1.51,2016/06/28,き・ま・ぐ・れ☆Café au lait!.jpg
343,キュート,き・ま・ぐ・れ☆Café au lait！,PRO,17,2:04,148,327,2.64,2016/06/28,き・ま・ぐ・れ☆Café au lait!.jpg
344,キュート,き・ま・ぐ・れ☆Café au lait！,MASTER,25,2:04,148,537,4.33,2016/06/28,き・ま・ぐ・れ☆Café au lait!.jpg
345,クール,薄荷 -ハッカ-,DEBUT,6,2:11,71,73,0.56,2016/07/08,薄荷 -ハッカ-.jpg
346,クール,薄荷 -ハッカ-,REGULAR,13,2:11,71,121,0.92,2016/07/08,薄荷 -ハッカ-.jpg
347,クール,薄荷 -ハッカ-,PRO,17,2:11,71,232,1.77,2016/07/08,薄荷 -ハッカ-.jpg
348,クール,薄荷 -ハッカ-,MASTER,24,2:11,71,400,3.05,2016/07/08,薄荷 -ハッカ-.jpg
349,パッション,毒茸伝説,DEBUT,9,2:06,178,115,0.91,2016/07/28,毒茸伝説.jpg
350,パッション,毒茸伝説,REGULAR,14,2:06,178,183,1.45,2016/07/28,毒茸伝説.jpg
351,パッション,毒茸伝説,PRO,19,2:06,178,405,3.21,2016/07/28,毒茸伝説.jpg
352,パッション,毒茸伝説,MASTER,28,2:06,178,700,5.56,2016/07/28,毒茸伝説.jpg
353,キュート,秘密のトワレ,DEBUT,9,2:05,143,127,1.02,2016/08/09,秘密のトワレ.jpg
354,キュート,秘密のトワレ,REGULAR,13,2:05,143,206,1.65,2016/08/09,秘密のトワレ.jpg
355,キュート,秘密のトワレ,PRO,19,2:05,143,368,2.94,2016/08/09,秘密のトワレ.jpg
356,キュート,秘密のトワレ,MASTER,28,2:05,143,773,6.18,2016/08/09,秘密のトワレ.jpg
357,クール,小さな恋の密室事件,DEBUT,7,2:07,166,95,0.75,2016/08/29,小さな恋の密室事件.jpg
358,クール,小さな恋の密室事件,REGULAR,13,2:07,166,168,1.32,2016/08/29,小さな恋の密室事件.jpg
359,クール,小さな恋の密室事件,PRO,17,2:07,166,276,2.17,2016/08/29,小さな恋の密室事件.jpg
360,クール,小さな恋の密室事件,MASTER,27,2:07,166,496,3.91,2016/08/29,小さな恋の密室事件.jpg
361,パッション,Can’t Stop！！,DEBUT,7,2:12,168,125,0.95,2016/09/27,Can’t Stop!!.jpg
362,パッション,Can’t Stop！！,REGULAR,13,2:12,168,222,1.68,2016/09/27,Can’t Stop!!.jpg
363,パッション,Can’t Stop！！,PRO,18,2:12,168,386,2.92,2016/09/27,Can’t Stop!!.jpg
364,パッション,Can’t Stop！！,MASTER,25,2:12,168,618,4.68,2016/09/27,Can’t Stop!!.jpg
365,キュート,恋色エナジー,DEBUT,8,2:10,178,120,0.92,2016/10/28,恋色エナジー.jpg
366,キュート,恋色エナジー,REGULAR,14,2:10,178,216,1.66,2016/10/28,恋色エナジー.jpg
367,キュート,恋色エナジー,PRO,19,2:10,178,347,2.67,2016/10/28,恋色エナジー.jpg
368,キュート,恋色エナジー,MASTER,25,2:10,178,606,4.66,2016/10/28,恋色エナジー.jpg
369,全タイプ,あいくるしい,DEBUT,7,2:10,84,94,0.72,2016/10/31,あいくるしい.jpg
370,全タイプ,あいくるしい,REGULAR,13,2:10,84,178,1.37,2016/10/31,あいくるしい.jpg
371,全タイプ,あいくるしい,PRO,17,2:10,84,288,2.22,2016/10/31,あいくるしい.jpg
372,全タイプ,あいくるしい,MASTER,25,2:10,84,468,3.60,2016/10/31,あいくるしい.jpg
373,全タイプ,あいくるしい,MASTER+,28,2:10,84,573,4.41,2016/10/31,あいくるしい.jpg
374,クール,青の一番星,DEBUT,7,1:56,148,97,0.84,2016/11/09,青の一番星.jpg
375,クール,青の一番星,REGULAR,13,1:56,148,160,1.38,2016/11/09,青の一番星.jpg
376,クール,青の一番星,PRO,19,1:56,148,359,3.09,2016/11/09,青の一番星.jpg
377,クール,青の一番星,MASTER,27,1:56,148,677,5.84,2016/11/09,青の一番星.jpg
378,パッション,Flip Flop,DEBUT,7,2:00,240,119,0.99,2016/11/19,Flip Flop.jpg
379,パッション,Flip Flop,REGULAR,13,2:00,240,207,1.73,2016/11/19,Flip Flop.jpg
380,パッション,Flip Flop,PRO,18,2:00,240,371,3.09,2016/11/19,Flip Flop.jpg
381,パッション,Flip Flop,MASTER,25,2:00,240,631,5.26,2016/11/19,Flip Flop.jpg
382,パッション,Flip Flop,MASTER+,29,2:00,240,844,7.03,2016/11/19,Flip Flop.jpg
383,全タイプ,Treasure☆,DEBUT,6,2:05,128,84,0.67,2016/11/28,Treasure☆.jpg
384,全タイプ,Treasure☆,REGULAR,11,2:05,128,151,1.21,2016/11/28,Treasure☆.jpg
385,全タイプ,Treasure☆,PRO,16,2:05,128,267,2.14,2016/11/28,Treasure☆.jpg
386,全タイプ,Treasure☆,MASTER,24,2:05,128,541,4.33,2016/11/28,Treasure☆.jpg
387,全タイプ,EVERMORE,DEBUT,8,2:03,180,120,0.98,2016/11/30,EVERMORE.jpg
388,全タイプ,EVERMORE,REGULAR,14,2:03,180,210,1.71,2016/11/30,EVERMORE.jpg
389,全タイプ,EVERMORE,PRO,19,2:03,180,427,3.47,2016/11/30,EVERMORE.jpg
390,全タイプ,EVERMORE,MASTER,27,2:03,180,675,5.49,2016/11/30,EVERMORE.jpg
391,全タイプ,EVERMORE,MASTER+,29,2:03,180,861,7.00,2016/11/30,EVERMORE.jpg
392,パッション,気持ちいいよね 一等賞！,DEBUT,9,2:02,183,117,0.96,2016/12/09,気持ちいいよね 一等賞!.jpg
393,パッション,気持ちいいよね 一等賞！,REGULAR,14,2:02,183,186,1.52,2016/12/09,気持ちいいよね 一等賞!.jpg
394,パッション,気持ちいいよね 一等賞！,PRO,17,2:02,183,338,2.77,2016/12/09,気持ちいいよね 一等賞!.jpg
395,パッション,気持ちいいよね 一等賞！,MASTER,26,2:02,183,689,5.65,2016/12/09,気持ちいいよね 一等賞!.jpg
396,キュート,あんきら！？狂騒曲,DEBUT,9,2:05,205,150,1.20,2016/12/21,あんきら!?狂騒曲.jpg
397,キュート,あんきら！？狂騒曲,REGULAR,14,2:05,205,260,2.08,2016/12/21,あんきら!?狂騒曲.jpg
398,キュート,あんきら！？狂騒曲,PRO,19,2:05,205,495,3.96,2016/12/21,あんきら!?狂騒曲.jpg
399,キュート,あんきら！？狂騒曲,MASTER,26,2:05,205,785,6.28,2016/12/21,あんきら!?狂騒曲.jpg
400,キュート,あんきら！？狂騒曲,MASTER+,30,2:05,205,957,7.66,2016/12/21,あんきら!?狂騒曲.jpg
401,キュート,ラヴィアンローズ,DEBUT,8,2:08,172,95,0.74,2016/12/28,ラヴィアンローズ.jpg
402,キュート,ラヴィアンローズ,REGULAR,12,2:08,172,153,1.20,2016/12/28,ラヴィアンローズ.jpg
403,キュート,ラヴィアンローズ,PRO,18,2:08,172,352,2.75,2016/12/28,ラヴィアンローズ.jpg
404,キュート,ラヴィアンローズ,MASTER,24,2:08,172,499,3.90,2016/12/28,ラヴィアンローズ.jpg
405,全タイプ,命燃やして恋せよ乙女,DEBUT,8,2:04,112,85,0.69,2016/12/31,命燃やして恋せよ乙女.jpg
406,全タイプ,命燃やして恋せよ乙女,REGULAR,12,2:04,112,155,1.25,2016/12/31,命燃やして恋せよ乙女.jpg
407,全タイプ,命燃やして恋せよ乙女,PRO,17,2:04,112,293,2.36,2016/12/31,命燃やして恋せよ乙女.jpg
408,全タイプ,命燃やして恋せよ乙女,MASTER,25,2:04,112,529,4.27,2016/12/31,命燃やして恋せよ乙女.jpg
409,全タイプ,命燃やして恋せよ乙女,MASTER+,29,2:04,112,739,5.96,2016/12/31,命燃やして恋せよ乙女.jpg
410,クール,Lunatic Show,DEBUT,7,1:59,290,88,0.74,2017/01/20,Lunatic Show.jpg
411,クール,Lunatic Show,REGULAR,13,1:59,290,164,1.38,2017/01/20,Lunatic Show.jpg
412,クール,Lunatic Show,PRO,19,1:59,290,361,3.03,2017/01/20,Lunatic Show.jpg
413,クール,Lunatic Show,MASTER,26,1:59,290,568,4.77,2017/01/20,Lunatic Show.jpg
414,クール,Lunatic Show,MASTER+,29,1:59,290,783,6.58,2017/01/20,Lunatic Show.jpg
415,クール,in fact,DEBUT,7,2:04,82,85,0.69,2017/01/28,in fact.jpg
416,クール,in fact,REGULAR,12,2:04,82,147,1.19,2017/01/28,in fact.jpg
417,クール,in fact,PRO,18,2:04,82,276,2.23,2017/01/28,in fact.jpg
418,クール,in fact,MASTER,24,2:04,82,403,3.25,2017/01/28,in fact.jpg
419,全タイプ,Sweet Witches’ Night ～6人目はだぁれ～,DEBUT,7,2:03,152,113,0.92,2017/01/31,Sweet Witches’ Night ~6人目はだぁれ~.jpg
420,全タイプ,Sweet Witches’ Night ～6人目はだぁれ～,REGULAR,13,2:03,152,173,1.41,2017/01/31,Sweet Witches’ Night ~6人目はだぁれ~.jpg
421,全タイプ,Sweet Witches’ Night ～6人目はだぁれ～,PRO,19,2:03,152,381,3.10,2017/01/31,Sweet Witches’ Night ~6人目はだぁれ~.jpg
422,全タイプ,Sweet Witches’ Night ～6人目はだぁれ～,MASTER,26,2:03,152,553,4.50,2017/01/31,Sweet Witches’ Night ~6人目はだぁれ~.jpg
423,全タイプ,Sweet Witches’ Night ～6人目はだぁれ～,MASTER+,29,2:03,152,774,6.29,2017/01/31,Sweet Witches’ Night ~6人目はだぁれ~.jpg
424,キュート,S（mile）ING！,MASTER+,27,2:08,178,627,4.90,2017/02/13,S(mile)ING!.jpg
425,全タイプ,お願い！シンデレラ,MASTER+,25,2:06,175,527,4.18,2017/02/13,お願い!シンデレラ.jpg
426,キュート,アタシポンコツアンドロイド,MASTER+,29,2:07,135,822,6.47,2017/02/13,アタシポンコツアンドロイド.jpg
427,パッション,情熱ファンファンファーレ,DEBUT,8,2:00,180,101,0.84,2017/02/17,情熱ファンファンファーレ.jpg
428,パッション,情熱ファンファンファーレ,REGULAR,13,2:00,180,187,1.56,2017/02/17,情熱ファンファンファーレ.jpg
429,パッション,情熱ファンファンファーレ,PRO,19,2:00,180,407,3.39,2017/02/17,情熱ファンファンファーレ.jpg
430,パッション,情熱ファンファンファーレ,MASTER,26,2:00,180,700,5.83,2017/02/17,情熱ファンファンファーレ.jpg
431,パッション,情熱ファンファンファーレ,MASTER+,29,2:00,180,870,7.25,2017/02/17,情熱ファンファンファーレ.jpg
432,パッション,ミラクルテレパシー,DEBUT,7,2:11,173,116,0.89,2017/02/26,ミラクルテレパシー.jpg
433,パッション,ミラクルテレパシー,REGULAR,13,2:11,173,223,1.70,2017/02/26,ミラクルテレパシー.jpg
434,パッション,ミラクルテレパシー,PRO,19,2:11,173,412,3.15,2017/02/26,ミラクルテレパシー.jpg
435,パッション,ミラクルテレパシー,MASTER,26,2:11,173,695,5.31,2017/02/26,ミラクルテレパシー.jpg
436,全タイプ,とどけ！アイドル,MASTER+,26,2:11,180,658,5.02,2017/02/27,とどけ!アイドル.jpg
437,クール,Nation Blue,MASTER+,29,2:12,157,835,6.33,2017/02/27,Nation Blue.jpg
438,クール,Never say never,MASTER+,27,2:11,156,774,5.91,2017/02/27,Never say never.jpg
439,全タイプ,桜の頃,DEBUT,8,2:14,82,131,0.98,2017/02/28,桜の頃.jpg
440,全タイプ,桜の頃,REGULAR,14,2:14,82,198,1.48,2017/02/28,桜の頃.jpg
441,全タイプ,桜の頃,PRO,19,2:14,82,346,2.58,2017/02/28,桜の頃.jpg
442,全タイプ,桜の頃,MASTER,26,2:14,82,517,3.86,2017/02/28,桜の頃.jpg
443,全タイプ,桜の頃,MASTER+,29,2:14,82,586,4.37,2017/02/28,桜の頃.jpg
444,全タイプ,We’re the friends！,MASTER+,26,2:04,178,638,5.15,2017/03/13,We’re the friends!.jpg
445,パッション,ミツボシ☆☆★,MASTER+,27,2:06,175,805,6.39,2017/03/13,ミツボシ☆☆★.jpg
446,パッション,Orange Sapphire,MASTER+,29,2:06,162,918,7.29,2017/03/13,Orange Sapphire.jpg
447,全タイプ,エンジェル ドリーム,DEBUT,9,2:06,180,127,1.00,2017/03/14,エンジェル ドリーム.jpg
448,全タイプ,エンジェル ドリーム,REGULAR,13,2:06,180,226,1.79,2017/03/14,エンジェル ドリーム.jpg
449,全タイプ,エンジェル ドリーム,PRO,17,2:06,180,349,2.77,2017/03/14,エンジェル ドリーム.jpg
450,全タイプ,エンジェル ドリーム,MASTER,26,2:06,180,765,6.07,2017/03/14,エンジェル ドリーム.jpg
451,全タイプ,∀NSWER,DEBUT,7,2:02,178,90,0.74,2017/03/21,∀NSWER.jpg
452,全タイプ,∀NSWER,REGULAR,13,2:02,178,201,1.65,2017/03/21,∀NSWER.jpg
453,全タイプ,∀NSWER,PRO,18,2:02,178,342,2.80,2017/03/21,∀NSWER.jpg
454,全タイプ,∀NSWER,MASTER,26,2:02,178,620,5.08,2017/03/21,∀NSWER.jpg
455,全タイプ,∀NSWER,MASTER+,30,2:02,178,888,7.28,2017/03/21,∀NSWER.jpg
456,キュート,Happy×2 Days,MASTER+,27,2:09,130,661,5.12,2017/03/27,Happy×2 Days.jpg
457,キュート,恋のHamburg♪,DEBUT,7,2:04,170,110,0.89,2017/03/29,恋のHamburg♪.jpg
458,キュート,恋のHamburg♪,REGULAR,13,2:04,170,216,1.74,2017/03/29,恋のHamburg♪.jpg
459,キュート,恋のHamburg♪,PRO,17,2:04,170,324,2.61,2017/03/29,恋のHamburg♪.jpg
460,キュート,恋のHamburg♪,MASTER,25,2:04,170,586,4.73,2017/03/29,恋のHamburg♪.jpg
461,キュート,shabon song,DEBUT,7,2:03,145,82,0.67,2017/04/01,shabon song.jpg
462,キュート,shabon song,REGULAR,13,2:03,145,163,1.33,2017/04/01,shabon song.jpg
463,キュート,shabon song,PRO,17,2:03,145,295,2.40,2017/04/01,shabon song.jpg
464,キュート,shabon song,MASTER,25,2:03,145,573,4.66,2017/04/01,shabon song.jpg
465,キュート,shabon song,MASTER+,28,2:03,145,674,5.48,2017/04/01,shabon song.jpg
466,クール,Memories,MASTER+,26,2:02,130,603,4.94,2017/04/10,Memories.jpg
467,クール,Nocturne,DEBUT,8,2:08,189,121,0.95,2017/04/19,Nocturne.jpg
468,クール,Nocturne,REGULAR,13,2:08,189,187,1.46,2017/04/19,Nocturne.jpg
469,クール,Nocturne,PRO,19,2:08,189,419,3.27,2017/04/19,Nocturne.jpg
470,クール,Nocturne,MASTER,26,2:08,189,578,4.52,2017/04/19,Nocturne.jpg
471,クール,Nocturne,MASTER+,29,2:08,189,812,6.34,2017/04/19,Nocturne.jpg
472,パッション,LET’S GO HAPPY！！,MASTER+,29,2:11,192,986,7.53,2017/04/24,LET’S GO HAPPY!!.jpg
473,クール,共鳴世界の存在論,DEBUT,8,2:04,190,104,0.84,2017/04/27,共鳴世界の存在論.jpg
474,クール,共鳴世界の存在論,REGULAR,13,2:04,190,200,1.61,2017/04/27,共鳴世界の存在論.jpg
475,クール,共鳴世界の存在論,PRO,19,2:04,190,414,3.34,2017/04/27,共鳴世界の存在論.jpg
476,クール,共鳴世界の存在論,MASTER,27,2:04,190,815,6.57,2017/04/27,共鳴世界の存在論.jpg
477,全タイプ,Nothing but You,DEBUT,7,2:13,167,110,0.89,2017/04/30,Nothing but You.jpg
478,全タイプ,Nothing but You,REGULAR,13,2:13,167,201,1.63,2017/04/30,Nothing but You.jpg
479,全タイプ,Nothing but You,PRO,17,2:13,167,392,3.19,2017/04/30,Nothing but You.jpg
480,全タイプ,Nothing but You,MASTER,26,2:13,167,737,5.54,2017/04/30,Nothing but You.jpg
481,全タイプ,Nothing but You,MASTER+,29,2:13,167,845,6.87,2017/04/30,Nothing but You.jpg
482,キュート,おねだり Shall We ～？,MASTER+,27,2:05,148,683,5.46,2017/05/08,おねだり Shall We ~?.jpg
483,キュート,明日また会えるよね,MASTER+,28,2:05,145,820,6.56,2017/05/08,明日また会えるよね.jpg
484,パッション,Radio Happy,DEBUT,7,2:09,132,105,0.81,2017/05/09,Radio Happy.jpg
485,パッション,Radio Happy,REGULAR,13,2:09,132,263,2.04,2017/05/09,Radio Happy.jpg
486,パッション,Radio Happy,PRO,19,2:09,132,394,3.05,2017/05/09,Radio Happy.jpg
487,パッション,Radio Happy,MASTER,27,2:09,132,739,5.73,2017/05/09,Radio Happy.jpg
488,パッション,モーレツ★世直しギルティ！,DEBUT,7,2:05,162,113,0.90,2017/05/19,モーレツ★世直しギルティ!.jpg
489,パッション,モーレツ★世直しギルティ！,REGULAR,13,2:05,162,207,1.66,2017/05/19,モーレツ★世直しギルティ!.jpg
490,パッション,モーレツ★世直しギルティ！,PRO,18,2:05,162,443,3.54,2017/05/19,モーレツ★世直しギルティ!.jpg
491,パッション,モーレツ★世直しギルティ！,MASTER,26,2:05,162,743,5.94,2017/05/19,モーレツ★世直しギルティ!.jpg
492,パッション,モーレツ★世直しギルティ！,MASTER+,29,2:05,162,911,7.29,2017/05/19,モーレツ★世直しギルティ!.jpg
493,クール,Twilight Sky,MASTER+,27,2:02,176,758,6.21,2017/05/22,Twilight Sky.jpg
494,クール,この空の下,DEBUT,6,2:11,75,79,0.60,2017/05/29,この空の下.jpg
495,クール,この空の下,REGULAR,13,2:11,75,119,0.91,2017/05/29,この空の下.jpg
496,クール,この空の下,PRO,17,2:11,75,274,2.09,2017/05/29,この空の下.jpg
497,クール,この空の下,MASTER,23,2:11,75,413,3.15,2017/05/29,この空の下.jpg
498,全タイプ,With Love,DEBUT,6,2:05,154,89,0.71,2017/05/31,With Love.jpg
499,全タイプ,With Love,REGULAR,12,2:05,154,159,1.27,2017/05/31,With Love.jpg
500,全タイプ,With Love,PRO,16,2:05,154,295,2.36,2017/05/31,With Love.jpg
501,全タイプ,With Love,MASTER,25,2:05,154,565,4.52,2017/05/31,With Love.jpg
502,全タイプ,With Love,MASTER+,28,2:05,154,741,5.93,2017/05/31,With Love.jpg
503,パッション,DOKIDOKIリズム,MASTER+,28,2:03,180,825,6.71,2017/06/05,DOKIDOKIリズム.jpg
